name,age,games,plate appearance,at bat,runs,hits,doubles,triples,home runes,RBI,stolen bases,walks,strikeouts,hits/at bat,on base pct,slug pct,ops
Jose Abreu,31,2,9,8,3,2,0,0,1,2,0,1,0,.250,.333,.625,.958
Lane Adams,28,3,3,3,1,2,0,0,1,2,0,0,1,.667,.667,1.667,2.333
Matt Adams,29,2,6,5,2,1,0,0,1,3,0,1,3,.200,.333,.800,1.133
Ehire Adrianza,28,1,4,4,0,1,0,0,0,0,0,0,0,.250,.250,.250,.500
Jesus Aguilar,28,3,3,2,2,1,0,0,0,0,0,0,0,.500,.667,.500,1.167
Nick Ahmed,28,3,12,11,3,5,2,0,1,6,0,1,3,.455,.500,.909,1.409
Matt Albers,35,2,0,0,0,0,0,0,0,0,0,0,0,,,,
Ozzie Albies,21,3,16,16,3,2,0,1,1,2,0,0,2,.125,.125,.438,.563
Scott Alexander,28,1,0,0,0,0,0,0,0,0,0,0,0,,,,
Jorge Alfaro,25,2,5,4,0,1,0,0,0,0,0,1,3,.250,.400,.250,.650
Albert Almora,24,4,13,12,1,2,0,0,0,0,0,1,2,.167,.231,.167,.397
Yonder Alonso,31,3,12,10,3,3,1,0,1,4,0,2,3,.300,.417,.700,1.117
Aaron Altherr,27,3,13,11,2,1,0,0,0,1,1,2,5,.091,.231,.091,.322
Jose Altuve,28,4,18,16,5,9,1,0,0,2,1,1,1,.563,.556,.625,1.181
Pedro Alvarez,31,2,5,4,0,0,0,0,0,0,0,1,1,.000,.200,.000,.200
Brian Anderson,25,4,21,18,3,6,1,0,0,5,0,3,3,.333,.429,.389,.817
Chase Anderson,30,1,2,2,1,1,0,0,0,0,0,0,1,.500,.500,.500,1.000
Tim Anderson,25,2,9,8,3,3,0,0,2,3,1,1,2,.375,.444,1.125,1.569
Tyler Anderson,28,1,1,1,0,0,0,0,0,0,0,0,1,.000,.000,.000,.000
Elvis Andrus,29,4,16,13,4,7,2,0,1,2,0,3,0,.538,.625,.923,1.548
Miguel Andujar,23,1,4,4,0,0,0,0,0,0,0,0,2,.000,.000,.000,.000
Victor Arano,23,2,0,0,0,0,0,0,0,0,0,0,0,,,,
Orlando Arcia,23,3,10,10,0,2,0,0,0,1,0,0,0,.200,.200,.200,.400
Nolan Arenado,27,3,13,13,2,4,1,0,1,1,0,0,4,.308,.308,.615,.923
Carlos Asuaje,26,3,12,10,0,2,1,0,0,1,0,2,2,.200,.333,.300,.633
Tyler Austin,26,2,6,6,2,2,0,0,2,3,0,0,2,.333,.333,1.333,1.667
Alex Avila,31,2,6,6,0,1,0,0,0,1,0,0,2,.167,.167,.167,.333
Javier Baez,25,4,17,15,1,1,1,0,0,1,0,1,4,.067,.176,.133,.310
Pedro Baez,30,1,0,0,0,0,0,0,0,0,0,0,0,,,,
Homer Bailey,32,1,2,2,0,1,0,0,0,0,0,0,1,.500,.500,.500,1.000
Jett Bandy,28,1,5,5,0,1,0,0,0,0,0,0,1,.200,.200,.200,.400
Austin Barnes,28,3,4,3,1,1,0,0,0,1,0,1,1,.333,.500,.333,.833
Jacob Barnes,28,2,0,0,0,0,0,0,0,0,0,0,0,,,,
Tucker Barnhart,27,2,7,7,0,1,0,0,0,0,0,0,3,.143,.143,.143,.286
Kyle Barraclough,28,2,0,0,0,0,0,0,0,0,0,0,0,,,,
Tim Beckham,28,3,11,11,1,1,0,0,1,2,0,0,4,.091,.091,.364,.455
Josh Bell,25,3,15,13,1,6,1,0,0,3,0,1,2,.462,.467,.538,1.005
Cody Bellinger,22,4,14,13,3,2,0,0,1,2,0,1,3,.154,.214,.385,.599
Brandon Belt,30,4,15,13,0,3,1,0,0,0,1,2,5,.231,.333,.308,.641
Adrian Beltre,39,4,15,14,1,4,2,0,0,1,0,1,2,.286,.333,.429,.762
Andrew Benintendi,23,4,13,11,0,0,0,0,0,0,0,2,1,.000,.154,.000,.154
Mookie Betts,25,4,18,14,1,4,1,0,0,0,1,2,1,.286,.444,.357,.802
Ty Blach,27,1,2,2,0,0,0,0,0,0,0,0,2,.000,.000,.000,.000
Charlie Blackmon,31,3,13,11,3,3,0,0,3,5,0,2,3,.273,.385,1.091,1.476
Gregor Blanco,34,1,4,3,0,2,0,0,0,0,0,1,0,.667,.750,.667,1.417
Jerry Blevins,34,1,0,0,0,0,0,0,0,0,0,0,0,,,,
Xander Bogaerts,25,4,17,17,4,8,5,0,1,2,0,0,2,.471,.471,.941,1.412
Justin Bour,30,4,15,14,0,2,0,0,0,1,0,1,1,.143,.200,.143,.343
Peter Bourjos,31,3,3,2,2,0,0,0,0,0,0,1,1,.000,.333,.000,.333
Matthew Bowman,27,2,0,0,0,0,0,0,0,0,0,0,0,,,,
Brad Boxberger,30,1,0,0,0,0,0,0,0,0,0,0,0,,,,
Archie Bradley,25,2,0,0,0,0,0,0,0,0,0,0,0,,,,
Jackie Bradley,28,3,11,10,1,1,0,0,0,0,1,1,0,.100,.182,.100,.282
Ryan Braun,34,2,10,8,1,1,0,0,1,5,0,1,2,.125,.200,.500,.700
Alex Bregman,24,4,18,16,1,2,1,0,0,0,0,2,1,.125,.222,.188,.410
Austin Brice,26,1,0,0,0,0,0,0,0,0,0,0,0,,,,
Lewis Brinson,24,4,22,20,3,5,0,0,0,1,0,1,5,.250,.318,.250,.568
Rex Brothers,30,1,0,0,0,0,0,0,0,0,0,0,0,,,,
Jay Bruce,31,3,14,12,1,2,1,0,0,1,1,2,2,.167,.286,.250,.536
Kris Bryant,26,4,23,18,4,7,3,0,1,4,0,4,5,.389,.522,.722,1.244
Drew Butera,34,2,7,7,1,2,1,0,0,0,0,0,1,.286,.286,.429,.714
Eddie Butler,27,1,2,1,0,0,0,0,0,0,0,1,0,.000,.500,.000,.500
Byron Buxton,24,3,11,11,0,3,0,0,0,1,2,0,4,.273,.273,.273,.545
Asdrubal Cabrera,32,3,14,13,2,4,2,0,0,1,0,1,1,.308,.357,.462,.819
Miguel Cabrera,35,3,16,14,3,5,3,0,1,4,0,2,3,.357,.438,.786,1.223
Lorenzo Cain,32,3,15,14,3,8,3,0,0,3,3,1,0,.571,.600,.786,1.386
Kole Calhoun,30,4,17,17,3,4,0,1,1,2,0,0,3,.235,.235,.529,.765
Jeimer Candelario,24,3,16,12,1,2,0,1,0,0,0,4,1,.167,.375,.333,.708
Robinson Cano,35,3,11,10,3,6,2,0,0,1,0,1,3,.600,.636,.800,1.436
Victor Caratini,24,3,8,7,1,0,0,0,0,0,0,1,2,.000,.125,.000,.125
Shane Carle,26,1,1,1,0,0,0,0,0,0,0,0,1,.000,.000,.000,.000
Matt Carpenter,32,3,13,11,2,2,1,0,1,1,0,2,1,.182,.308,.545,.853
Nicholas Castellanos,26,3,16,13,4,5,1,1,0,2,0,3,4,.385,.500,.615,1.115
Luis Castillo,25,1,1,1,0,0,0,0,0,0,0,0,0,.000,.000,.000,.000
Welington Castillo,31,2,9,9,0,1,1,0,0,2,0,0,3,.111,.111,.222,.333
Jason Castro,31,2,8,8,1,1,0,0,1,1,0,0,2,.125,.125,.500,.625
Starlin Castro,28,4,22,17,3,5,0,0,0,3,0,5,4,.294,.455,.294,.749
Brett Cecil,31,1,0,0,0,0,0,0,0,0,0,0,0,,,,
Juan Centeno,28,1,4,4,0,0,0,0,0,0,0,0,1,.000,.000,.000,.000
Francisco Cervelli,32,3,13,13,2,3,1,0,0,4,0,0,2,.231,.231,.308,.538
Yoenis Cespedes,32,3,14,11,2,4,0,0,1,4,0,3,3,.364,.500,.636,1.136
Jhoulys Chacin,30,1,1,0,0,0,0,0,0,0,0,0,0,,,,
Andrew Chafin,28,2,0,0,0,0,0,0,0,0,0,0,0,,,,
Matt Chapman,25,4,17,14,1,4,1,0,1,4,0,3,4,.286,.412,.571,.983
JT Chargois,27,1,0,0,0,0,0,0,0,0,0,0,0,,,,
Robinson Chirinos,34,3,12,11,0,0,0,0,0,1,0,0,6,.000,.000,.000,.000
Lonnie Chisenhall,29,3,12,10,2,3,1,0,0,0,1,1,2,.300,.417,.400,.817
Ji-Man Choi,27,1,1,1,1,1,1,0,0,0,0,0,0,1.000,1.000,2.000,3.000
Shin-Soo Choo,35,3,12,11,0,4,1,0,0,0,0,1,1,.364,.417,.455,.871
Adam Cimber,27,2,0,0,0,0,0,0,0,0,0,0,0,,,,
Tony Cingrani,28,2,0,0,0,0,0,0,0,0,0,0,0,,,,
Steve Cishek,32,2,1,1,0,0,0,0,0,0,0,0,0,.000,.000,.000,.000
Willson Contreras,26,3,18,17,1,4,1,0,0,1,0,1,7,.235,.278,.294,.572
Garrett Cooper,27,4,9,7,0,1,0,0,0,1,0,1,3,.143,.333,.143,.476
Patrick Corbin,28,1,2,2,0,0,0,0,0,0,0,0,1,.000,.000,.000,.000
Carlos Correa,23,4,18,16,4,7,3,0,1,5,1,2,4,.438,.500,.813,1.313
Zack Cozart,32,4,20,19,3,7,2,1,1,3,0,0,4,.368,.400,.737,1.137
Brandon Crawford,31,4,15,14,0,3,0,0,0,0,0,1,4,.214,.267,.214,.481
J.P. Crawford,23,3,11,9,3,1,0,0,0,0,0,1,2,.111,.200,.111,.311
C.J. Cron,28,3,8,8,0,1,0,0,0,0,0,0,4,.125,.125,.125,.250
Nelson Cruz,37,2,6,6,2,2,0,0,2,4,0,0,0,.333,.333,1.333,1.667
Johnny Cueto,32,1,2,2,0,0,0,0,0,0,0,0,0,.000,.000,.000,.000
Charlie Culberson,29,2,3,2,1,1,0,0,0,0,0,0,1,.500,.667,.500,1.167
Cheslor Cuthbert,25,2,8,5,0,2,0,0,0,2,0,1,0,.400,.500,.400,.900
Travis d'Arnaud,29,1,4,3,1,1,0,0,1,1,0,1,1,.333,.500,1.333,1.833
Yu Darvish,31,1,2,1,0,0,0,0,0,0,0,0,1,.000,.000,.000,.000
Matt Davidson,27,2,9,7,4,4,0,0,3,6,0,2,1,.571,.667,1.857,2.524
Chris Davis,32,3,14,12,0,0,0,0,0,0,0,2,1,.000,.143,.000,.143
J.D. Davis,25,3,8,7,0,1,0,0,0,0,0,1,3,.143,.250,.143,.393
Khris Davis,30,4,17,14,3,4,2,0,1,4,0,2,4,.286,.412,.643,1.055
Rajai Davis,37,2,4,3,1,0,0,0,0,0,1,1,1,.000,.250,.000,.250
Wade Davis,32,1,0,0,0,0,0,0,0,0,0,0,0,,,,
Jorge De La Rosa,37,3,0,0,0,0,0,0,0,0,0,0,0,,,,
Jacob deGrom,30,1,2,2,0,1,0,0,0,0,0,0,0,.500,.500,.500,1.000
Paul DeJong,24,3,12,11,2,4,0,0,2,2,0,1,5,.364,.417,.909,1.326
Nick Delmonico,25,2,7,5,1,0,0,0,0,0,0,2,0,.000,.286,.000,.286
Daniel Descalso,31,3,6,5,1,1,0,0,0,0,0,1,1,.200,.333,.200,.533
Delino DeShields,25,2,8,7,1,1,0,0,0,0,0,1,1,.143,.250,.143,.393
Ian Desmond,32,3,10,10,2,4,0,0,1,2,0,0,1,.400,.400,.700,1.100
Odrisamer Despaigne,31,2,2,2,0,0,0,0,0,0,0,0,1,.000,.000,.000,.000
Rafael Devers,21,3,13,12,0,3,1,0,0,4,0,1,2,.250,.308,.333,.641
Aledmys Diaz,27,4,10,10,1,1,1,0,0,0,0,0,3,.100,.100,.200,.300
Elias Diaz,27,1,4,4,2,2,0,0,0,0,0,0,1,.500,.500,.500,1.000
Corey Dickerson,29,2,10,10,1,1,0,0,0,1,0,0,1,.100,.100,.100,.200
Derek Dietrich,28,4,22,19,3,6,0,1,1,3,0,1,1,.316,.409,.579,.988
Wilmer Difo,26,2,4,3,1,1,0,0,0,0,1,1,0,.333,.500,.333,.833
Josh Donaldson,32,4,17,13,3,2,1,0,0,0,1,4,6,.154,.353,.231,.584
Sean Doolittle,31,2,0,0,0,0,0,0,0,0,0,0,0,,,,
Brian Dozier,31,3,15,14,5,5,1,0,2,2,0,1,3,.357,.400,.857,1.257
Oliver Drake,31,1,0,0,0,0,0,0,0,0,0,0,0,,,,
Brandon Drury,25,4,16,13,2,5,1,0,1,4,0,3,2,.385,.500,.692,1.192
Lucas Duda,32,2,8,7,1,2,0,0,1,5,0,1,1,.286,.375,.714,1.089
Brian Duensing,35,3,0,0,0,0,0,0,0,0,0,0,0,,,,
Matt Duffy,27,4,16,16,1,6,1,0,0,1,1,0,3,.375,.375,.438,.813
Mike Dunn,33,1,0,0,0,0,0,0,0,0,0,0,0,,,,
Adam Duvall,29,3,10,9,1,2,1,0,1,4,0,0,3,.222,.200,.667,.867
Jarrod Dyson,33,2,7,6,2,2,0,1,0,1,1,1,0,.333,.429,.667,1.095
Sam Dyson,30,1,0,0,0,0,0,0,0,0,0,0,0,,,,
Adam Eaton,29,3,14,13,7,8,2,0,2,5,0,1,1,.615,.643,1.231,1.874
Carl Edwards,26,2,0,0,0,0,0,0,0,0,0,0,0,,,,
Edwin Encarnacion,35,3,12,9,3,3,0,0,2,3,0,1,2,.333,.455,1.000,1.455
Adam Engel,26,2,9,7,0,3,1,0,0,0,0,2,3,.429,.556,.571,1.127
Robbie Erlin,27,1,1,1,0,1,0,0,0,0,0,0,0,1.000,1.000,1.000,2.000
Phil Ervin,25,2,2,1,0,0,0,0,0,0,0,1,1,.000,.500,.000,.500
Alcides Escobar,31,2,8,7,1,0,0,0,0,0,0,1,0,.000,.125,.000,.125
Eduardo Escobar,29,2,9,9,2,3,1,0,1,2,0,0,3,.333,.333,.778,1.111
Phillip Evans,25,1,1,1,0,0,0,0,0,0,0,0,0,.000,.000,.000,.000
Jeurys Familia,28,2,0,0,0,0,0,0,0,0,0,0,0,,,,
Kyle Farmer,27,2,7,6,0,0,0,0,0,0,0,0,0,.000,.143,.000,.143
Josh Fields,32,2,0,0,0,0,0,0,0,0,0,0,0,,,,
Derek Fisher,24,3,6,6,1,1,0,1,0,1,0,0,2,.167,.167,.500,.667
Ryan Flaherty,31,3,14,13,5,7,3,0,0,1,0,1,1,.538,.571,.769,1.341
Wilmer Flores,26,3,6,6,0,1,0,0,0,0,0,0,2,.167,.167,.167,.333
Pedro Florimon,31,2,1,1,0,0,0,0,0,0,0,0,1,.000,.000,.000,.000
Tyler Flowers,32,1,0,0,0,0,0,0,0,0,0,0,0,,,,
Mike Foltynewicz,26,1,2,1,0,0,0,0,0,0,0,0,1,.000,.000,.000,.000
Wilmer Font,28,1,0,0,0,0,0,0,0,0,0,0,0,,,,
Logan Forsythe,31,3,10,10,0,0,0,0,0,0,0,0,3,.000,.000,.000,.000
Dexter Fowler,32,3,14,13,0,0,0,0,0,0,0,1,6,.000,.071,.000,.071
Maikel Franco,25,3,9,7,0,1,0,0,0,1,0,2,1,.143,.333,.143,.476
Adam Frazier,26,2,11,10,3,4,1,0,0,0,0,1,4,.400,.455,.500,.955
Todd Frazier,32,3,14,10,1,2,1,0,0,3,0,2,3,.200,.357,.300,.657
Freddie Freeman,28,3,16,9,5,3,1,0,1,4,0,7,1,.333,.625,.778,1.403
Sam Freeman,31,2,0,0,0,0,0,0,0,0,0,0,0,,,,
David Freese,35,1,4,4,1,2,0,0,1,2,0,0,1,.500,.500,1.250,1.750
David Freitas,29,1,4,4,1,1,1,0,0,0,0,0,2,.250,.250,.500,.750
Yovani Gallardo,32,1,0,0,0,0,0,0,0,0,0,0,0,,,,
Joey Gallo,24,4,16,16,2,4,1,0,1,2,0,0,8,.250,.250,.500,.750
Freddy Galvis,28,3,13,12,2,5,0,0,1,3,0,1,2,.417,.462,.667,1.128
Avisail Garcia,27,2,10,10,2,4,1,0,0,0,0,0,0,.400,.400,.500,.900
Greg Garcia,28,2,2,2,0,0,0,0,0,0,0,0,1,.000,.000,.000,.000
Jarlin Garcia,25,1,1,1,0,0,0,0,0,0,0,0,0,.000,.000,.000,.000
Leury Garcia,27,2,2,1,1,1,0,0,0,0,0,0,0,1.000,1.000,1.000,2.000
Luis Garcia,31,2,0,0,0,0,0,0,0,0,0,0,0,,,,
Brett Gardner,34,4,19,17,2,2,0,0,1,1,0,2,3,.118,.211,.294,.505
Amir Garrett,26,1,0,0,0,0,0,0,0,0,0,0,0,,,,
Mitch Garver,27,1,4,4,0,0,0,0,0,0,0,0,1,.000,.000,.000,.000
Evan Gattis,31,4,18,15,3,5,4,0,0,3,0,3,5,.333,.444,.600,1.044
Cory Gearrin,32,1,0,0,0,0,0,0,0,0,0,0,0,,,,
Scooter Gennett,28,3,13,13,0,7,2,0,0,1,0,0,1,.538,.538,.692,1.231
Craig Gentry,34,1,3,3,0,0,0,0,0,0,0,0,2,.000,.000,.000,.000
Ryan Goins,30,1,1,1,0,0,0,0,0,0,0,0,1,.000,.000,.000,.000
Paul Goldschmidt,30,3,13,8,2,0,0,0,0,0,0,4,5,.000,.385,.000,.385
Yan Gomes,30,2,8,7,1,2,0,0,1,3,0,1,4,.286,.375,.714,1.089
Carlos Gomez,32,4,16,15,3,2,1,0,1,1,0,1,5,.133,.188,.400,.588
Roberto Gomez,28,1,0,0,0,0,0,0,0,0,0,0,0,,,,
Adrian Gonzalez,36,3,10,7,1,3,1,0,0,1,0,3,0,.429,.600,.571,1.171
Carlos Gonzalez,32,3,13,12,1,3,0,0,0,1,1,1,4,.250,.308,.250,.558
Gio Gonzalez,32,1,3,3,0,0,0,0,0,0,0,0,2,.000,.000,.000,.000
Marwin Gonzalez,29,4,17,13,0,2,1,0,0,2,0,3,5,.154,.294,.231,.525
Niko Goodrum,26,1,5,5,0,2,1,0,0,1,0,0,1,.400,.400,.600,1.000
Brian Goodwin,27,3,8,6,2,2,0,0,1,5,0,0,3,.333,.375,.833,1.208
Alex Gordon,34,2,8,8,0,2,1,0,0,0,0,0,1,.250,.250,.375,.625
Dee Gordon,30,3,14,12,2,4,0,0,1,1,0,1,3,.333,.385,.583,.968
Philip Gosselin,29,2,3,2,2,1,0,0,1,2,0,1,1,.500,.667,2.000,2.667
Trevor Gott,25,1,0,0,0,0,0,0,0,0,0,0,0,,,,
Matt Grace,29,2,0,0,0,0,0,0,0,0,0,0,0,,,,
Yasmani Grandal,29,3,11,10,2,4,0,0,0,1,0,1,4,.400,.455,.400,.855
Curtis Granderson,37,4,11,10,0,2,0,0,0,0,0,1,5,.200,.273,.200,.473
Jon Gray,26,1,2,1,0,0,0,0,0,0,0,0,1,.000,.000,.000,.000
Didi Gregorius,28,4,16,14,3,4,3,1,0,1,0,2,1,.286,.375,.643,1.018
Zack Greinke,34,1,2,2,0,0,0,0,0,0,0,0,0,.000,.000,.000,.000
Randal Grichuk,26,4,15,14,1,2,0,0,1,1,0,1,5,.143,.200,.357,.557
Robbie Grossman,28,2,2,2,0,1,0,0,0,2,0,0,1,.500,.500,.500,1.000
Robert Gsellman,24,2,1,1,0,0,0,0,0,0,0,0,0,.000,.000,.000,.000
Tayron Guerrero,27,2,0,0,0,0,0,0,0,0,0,0,0,,,,
Brandon Guyer,32,1,2,2,0,0,0,0,0,0,0,0,0,.000,.000,.000,.000
Jedd Gyorko,29,2,5,4,0,1,0,0,0,0,1,1,0,.250,.400,.250,.650
Josh Hader,24,2,0,0,0,0,0,0,0,0,0,0,0,,,,
Billy Hamilton,27,2,9,9,1,1,1,0,0,1,0,0,5,.111,.111,.222,.333
Brad Hand,28,2,0,0,0,0,0,0,0,0,0,0,0,,,,
Mitch Haniger,27,3,11,8,2,5,1,0,2,3,0,2,0,.625,.727,1.500,2.227
Ian Happ,23,3,14,13,2,1,0,0,1,1,0,1,8,.077,.143,.308,.451
Bryce Harper,25,3,14,10,3,4,0,0,2,4,0,2,0,.400,.429,1.000,1.429
Josh Harrison,30,3,16,14,5,5,1,0,1,2,0,2,2,.357,.438,.643,1.080
Chase Headley,34,3,7,6,0,0,0,0,0,0,0,1,2,.000,.143,.000,.143
Ryon Healy,26,3,11,11,0,0,0,0,0,0,0,0,3,.000,.000,.000,.000
Adeiny Hechavarria,29,4,15,15,0,3,0,0,0,1,0,0,3,.200,.200,.200,.400
Austin Hedges,25,3,12,11,2,1,0,0,1,1,0,1,6,.091,.167,.364,.530
Kyle Hendricks,28,1,2,2,0,0,0,0,0,0,0,0,2,.000,.000,.000,.000
Guillermo Heredia,27,3,3,2,0,0,0,0,0,0,0,1,1,.000,.333,.000,.333
Cesar Hernandez,28,3,15,13,1,4,1,0,1,1,0,2,5,.308,.400,.615,1.015
Enrique Hernandez,26,3,12,9,2,3,2,0,0,3,0,2,1,.333,.417,.556,.972
Gorkys Hernandez,30,2,2,2,0,0,0,0,0,0,0,0,1,.000,.000,.000,.000
Odubel Herrera,26,3,10,9,1,1,1,0,0,0,0,1,2,.111,.200,.222,.422
Jason Heyward,28,4,17,14,3,4,1,0,0,2,0,1,3,.286,.313,.357,.670
Aaron Hicks,28,1,4,4,0,2,0,0,0,0,0,0,2,.500,.500,.500,1.000
John Hicks,28,1,3,2,0,0,0,0,0,0,0,1,1,.000,.333,.000,.333
Jordan Hicks,21,2,0,0,0,0,0,0,0,0,0,0,0,,,,
Rich Hill,38,1,2,2,0,0,0,0,0,0,0,0,0,.000,.000,.000,.000
Yoshihisa Hirano,34,2,0,0,0,0,0,0,0,0,0,0,0,,,,
Bryan Holaday,30,2,5,4,1,1,0,0,0,1,0,1,0,.250,.400,.250,.650
Derek Holland,31,1,2,2,0,0,0,0,0,0,0,0,2,.000,.000,.000,.000
Brock Holt,30,2,8,5,0,0,0,0,0,0,0,3,1,.000,.375,.000,.375
Rhys Hoskins,25,3,12,10,2,5,2,0,1,3,1,1,1,.500,.583,1.000,1.583
Eric Hosmer,28,3,14,12,0,4,2,0,0,2,0,2,3,.333,.429,.500,.929
Jared Hughes,32,2,0,0,0,0,0,0,0,0,0,0,0,,,,
Nick Hundley,34,1,2,1,0,0,0,0,0,0,0,1,0,.000,.500,.000,.500
Drew Hutchison,27,1,0,0,0,0,0,0,0,0,0,0,0,,,,
Chris Iannetta,35,2,8,7,1,5,0,0,0,0,0,1,2,.714,.750,.714,1.464
Jose Iglesias,28,3,14,13,2,1,1,0,0,1,0,1,3,.077,.143,.154,.297
Raisel Iglesias,28,1,0,0,0,0,0,0,0,0,0,0,0,,,,
Ender Inciarte,27,3,17,15,2,5,1,0,0,5,0,0,2,.333,.313,.400,.713
Austin Jackson,31,3,12,12,0,1,0,0,0,0,0,0,4,.083,.083,.083,.167
Kenley Jansen,30,1,0,0,0,0,0,0,0,0,0,0,0,,,,
Jon Jay,33,2,10,9,2,3,0,0,0,0,1,1,1,.333,.400,.333,.733
Jeremy Jeffress,30,1,0,0,0,0,0,0,0,0,0,0,0,,,,
Dan Jennings,31,1,0,0,0,0,0,0,0,0,0,0,0,,,,
Pierce Johnson,27,1,0,0,0,0,0,0,0,0,0,0,0,,,,
Adam Jones,32,3,13,12,1,1,0,0,1,1,0,1,6,.083,.154,.333,.487
JaCoby Jones,26,2,7,6,1,3,0,0,0,0,0,1,1,.500,.571,.500,1.071
Caleb Joseph,32,2,6,5,0,1,0,1,0,2,0,0,1,.200,.200,.600,.800
Matthew Joyce,33,4,17,14,2,4,1,0,0,0,0,3,2,.286,.412,.357,.769
Aaron Judge,26,4,18,15,1,3,1,0,0,0,0,3,6,.200,.333,.267,.600
Matt Kemp,33,3,11,10,0,2,0,0,0,1,0,1,2,.200,.273,.200,.473
Howie Kendrick,34,2,9,9,1,3,1,0,0,0,0,0,2,.333,.333,.444,.778
Max Kepler,25,3,13,10,1,3,1,0,1,1,0,3,0,.300,.462,.700,1.162
Clayton Kershaw,30,1,2,2,0,2,0,0,0,0,0,0,0,1.000,1.000,1.000,2.000
Kevin Kiermaier,28,4,16,15,1,1,0,0,0,0,0,1,5,.067,.125,.067,.192
Scott Kingery,24,2,9,9,0,4,2,0,0,0,0,0,1,.444,.444,.667,1.111
Ian Kinsler,36,1,4,4,0,1,0,0,0,0,0,0,0,.250,.250,.250,.500
Brandon Kintzler,33,1,0,0,0,0,0,0,0,0,0,0,0,,,,
Jason Kipnis,31,3,12,11,1,3,1,0,0,0,0,1,3,.273,.333,.364,.697
Andrew Knapp,26,3,10,8,0,1,0,0,0,2,1,2,4,.125,.300,.125,.425
Corey Knebel,26,2,0,0,0,0,0,0,0,0,0,0,0,,,,
Tommy La Stella,29,4,4,4,0,2,1,0,0,2,0,0,1,.500,.500,.750,1.250
Juan Lagares,29,3,9,9,1,5,0,0,0,0,0,0,0,.556,.556,.556,1.111
Ryan LaMarre,29,2,2,2,1,2,0,0,0,0,0,0,0,1.000,1.000,1.000,2.000
Jake Lamb,27,3,13,12,1,3,1,0,0,4,0,1,5,.250,.308,.333,.641
Braxton Lee,24,2,5,4,0,0,0,0,0,0,0,1,1,.000,.200,.000,.200
DJ LeMahieu,29,3,13,10,1,2,1,0,1,1,1,3,2,.200,.385,.600,.985
Sandy Leon,29,1,4,4,0,0,0,0,0,0,0,0,2,.000,.000,.000,.000
Dominic Leone,26,1,0,0,0,0,0,0,0,0,0,0,0,,,,
Jon Lester,34,1,2,2,0,0,0,0,0,0,0,0,0,.000,.000,.000,.000
Francisco Lindor,24,3,14,13,0,2,0,0,0,0,1,1,2,.154,.214,.154,.368
Evan Longoria,32,4,15,15,0,0,0,0,0,0,0,0,5,.000,.000,.000,.000
Rafael Lopez,30,1,1,0,0,0,0,0,0,0,0,1,0,,1.000,,
Jed Lowrie,34,4,18,17,1,4,0,0,0,0,0,1,3,.235,.278,.235,.513
Joey Lucchesi,25,1,2,2,0,0,0,0,0,0,0,0,0,.000,.000,.000,.000
Jonathan Lucroy,32,3,13,12,0,2,0,0,0,1,0,0,0,.167,.231,.167,.397
Jordan Lyles,27,1,0,0,0,0,0,0,0,0,0,0,0,,,,
Tyler Lyons,30,1,0,0,0,0,0,0,0,0,0,0,0,,,,
Dixon Machado,26,3,14,14,1,4,3,0,0,4,0,0,2,.286,.286,.500,.786
Manny Machado,25,3,13,9,0,3,1,0,0,0,1,4,2,.333,.538,.444,.983
Ryan Madson,37,2,0,0,0,0,0,0,0,0,0,0,0,,,,
Kenta Maeda,30,1,2,2,0,0,0,0,0,0,0,0,1,.000,.000,.000,.000
Mikie Mahtook,28,3,13,12,2,2,1,0,0,0,0,1,3,.167,.231,.250,.481
Luke Maile,27,1,4,3,0,1,0,0,0,1,1,1,0,.333,.500,.333,.833
Kazuhisa Makita,33,1,0,0,0,0,0,0,0,0,0,0,0,,,,
Martin Maldonado,31,3,12,11,1,3,1,0,0,1,0,1,2,.273,.333,.364,.697
Trey Mancini,26,3,11,9,1,1,0,0,0,0,0,2,2,.111,.273,.111,.384
Manuel Margot,23,3,14,12,0,2,0,0,0,1,0,2,2,.167,.286,.167,.452
Jake Marisnick,27,3,14,14,3,2,0,0,2,3,0,0,7,.143,.143,.571,.714
Mike Marjama,28,2,6,6,0,0,0,0,0,0,0,0,1,.000,.000,.000,.000
Nick Markakis,34,3,16,12,2,4,0,0,1,5,0,4,2,.333,.500,.583,1.083
German Marquez,23,1,2,2,0,1,0,0,0,0,0,0,1,.500,.500,.500,1.000
Deven Marrero,27,2,2,2,0,1,0,0,0,1,0,0,0,.500,.500,.500,1.000
Jefry Marte,27,3,8,7,2,3,2,0,0,1,0,1,0,.429,.500,.714,1.214
Ketel Marte,24,3,9,9,0,1,0,0,0,0,0,0,4,.111,.111,.111,.222
Starling Marte,29,3,14,12,3,4,0,1,1,1,1,2,3,.333,.429,.750,1.179
Leonys Martin,30,2,11,9,1,1,1,0,0,0,0,2,2,.111,.273,.222,.495
Russell Martin,35,3,10,8,1,1,0,0,0,0,0,2,2,.125,.300,.125,.425
Carlos Martinez,26,1,2,2,0,0,0,0,0,0,0,0,2,.000,.000,.000,.000
J.D. Martinez,30,4,17,15,2,3,1,0,0,1,0,2,5,.200,.294,.267,.561
Jose Martinez,29,3,13,11,2,5,0,0,1,3,0,1,1,.455,.538,.727,1.266
Victor Martinez,39,2,8,8,0,0,0,0,0,0,0,0,1,.000,.000,.000,.000
Jeff Mathis,35,1,3,1,0,0,0,0,0,0,0,2,0,.000,.667,.000,.667
Steven Matz,27,1,1,0,0,0,0,0,0,0,0,0,0,,,,
Joe Mauer,35,3,14,11,1,4,2,0,0,1,0,3,1,.364,.500,.545,1.045
Bruce Maxwell,27,1,4,4,0,1,0,0,0,0,0,0,0,.250,.250,.250,.500
Cameron Maybin,31,4,16,13,1,3,2,0,0,0,0,3,2,.231,.375,.385,.760
Mike Mayers,26,1,0,0,0,0,0,0,0,0,0,0,0,,,,
Nomar Mazara,23,4,16,14,2,3,0,0,1,2,0,1,5,.214,.313,.429,.741
Brian McCann,34,2,9,8,3,3,0,0,0,1,0,1,2,.375,.444,.375,.819
James McCann,28,2,11,9,1,3,1,0,0,3,0,2,1,.333,.455,.444,.899
Brandon McCarthy,34,1,3,1,1,0,0,0,0,0,0,0,0,.000,.000,.000,.000
Andrew McCutchen,31,4,16,16,0,1,1,0,0,0,0,0,5,.063,.063,.125,.188
Jake McGee,31,2,0,0,0,0,0,0,0,0,0,0,0,,,,
Kyle McGrath,25,1,0,0,0,0,0,0,0,0,0,0,0,,,,
Billy McKinney,23,2,4,4,0,1,0,0,0,0,0,0,1,.250,.250,.250,.500
Ryan McMahon,23,2,3,3,0,0,0,0,0,0,0,0,3,.000,.000,.000,.000
Jordy Mercer,31,3,14,11,1,1,0,0,0,1,0,1,2,.091,.214,.091,.305
Whit Merrifield,29,2,10,8,2,1,0,0,0,1,0,1,0,.125,.300,.125,.425
Devin Mesoraco,30,2,5,5,0,1,0,0,0,0,0,0,1,.200,.200,.200,.400
Brad Miller,28,4,12,10,2,2,0,0,1,2,0,2,3,.200,.333,.500,.833
Hoby Milner,27,3,0,0,0,0,0,0,0,0,0,0,0,,,,
A.J. Minter,24,1,0,0,0,0,0,0,0,0,0,0,0,,,,
Yadier Molina,35,3,13,12,2,4,0,0,2,3,0,1,1,.333,.385,.833,1.218
Yoan Moncada,23,2,11,10,2,2,1,0,1,2,0,1,3,.200,.273,.600,.873
Miguel Montero,34,1,4,3,0,0,0,0,0,0,0,1,0,.000,.250,.000,.250
Mike Montgomery,28,3,0,0,0,0,0,0,0,0,0,0,0,,,,
Kendrys Morales,35,3,6,6,0,0,0,0,0,0,0,0,2,.000,.000,.000,.000
Colin Moran,25,2,9,9,0,1,1,0,0,0,0,0,0,.111,.111,.222,.333
Mitch Moreland,32,4,8,7,0,0,0,0,0,0,0,1,0,.000,.125,.000,.125
Adam Morgan,28,2,0,0,0,0,0,0,0,0,0,0,0,,,,
Reyes Moronta,25,2,0,0,0,0,0,0,0,0,0,0,0,,,,
Logan Morrison,30,3,13,11,0,0,0,0,0,0,0,2,4,.000,.154,.000,.154
Brandon Morrow,33,1,0,0,0,0,0,0,0,0,0,0,0,,,,
Mike Moustakas,29,2,9,8,3,3,1,1,0,1,0,1,1,.375,.444,.750,1.194
Peter Moylan,39,2,0,0,0,0,0,0,0,0,0,0,0,,,,
Yairo Munoz,23,2,2,2,0,0,0,0,0,0,0,0,2,.000,.000,.000,.000
John Ryan Murphy,27,1,4,4,0,0,0,0,0,1,0,0,0,.000,.000,.000,.000
Wil Myers,27,2,9,9,0,2,0,0,0,0,0,0,2,.222,.222,.222,.444
Tyler Naquin,27,2,8,8,0,1,0,0,0,0,0,0,3,.125,.125,.125,.250
Hector Neris,29,2,0,0,0,0,0,0,0,0,0,0,0,,,,
Gift Ngoepe,28,3,6,6,0,1,0,0,0,0,0,0,4,.167,.167,.167,.333
Brandon Nimmo,25,1,5,3,2,2,0,0,0,0,0,1,0,.667,.800,.667,1.467
Aaron Nola,25,1,3,2,0,0,0,0,0,0,0,1,1,.000,.333,.000,.333
Bud Norris,33,1,0,0,0,0,0,0,0,0,0,0,0,,,,
Eduardo Nunez,31,3,12,12,1,3,1,0,1,2,0,0,3,.250,.250,.583,.833
Chris O'Grady,28,3,0,0,0,0,0,0,0,0,0,0,0,,,,
Scott Oberg,28,1,0,0,0,0,0,0,0,0,0,0,0,,,,
Rougned Odor,24,4,15,12,0,1,0,0,0,1,0,2,4,.083,.200,.083,.283
Shohei Ohtani,23,1,5,5,0,1,0,0,0,0,0,0,1,.200,.200,.200,.400
Matt Olson,24,4,17,14,3,2,0,0,1,1,0,3,8,.143,.294,.357,.651
Paulo Orlando,32,2,4,4,0,0,0,0,0,0,0,0,0,.000,.000,.000,.000
Josh Osich,29,2,0,0,0,0,0,0,0,0,0,0,0,,,,
Adam Ottavino,32,2,0,0,0,0,0,0,0,0,0,0,0,,,,
Chris Owings,26,3,6,5,3,3,0,0,0,1,0,1,1,.600,.667,.600,1.267
Marcell Ozuna,27,3,13,13,0,3,1,0,0,2,0,0,6,.231,.231,.308,.538
Joe Panik,27,4,17,15,2,6,0,0,2,2,0,1,1,.400,.438,.800,1.238
Gerardo Parra,31,3,12,12,1,2,0,0,1,2,0,0,2,.167,.167,.417,.583
Steve Pearce,35,3,5,5,2,1,1,0,0,0,0,0,2,.200,.200,.400,.600
Joc Pederson,26,3,6,6,0,0,0,0,0,1,0,0,0,.000,.000,.000,.000
Hunter Pence,35,4,14,14,0,4,1,0,0,0,0,0,2,.286,.286,.357,.643
Cliff Pennington,34,1,1,1,0,1,0,0,0,0,0,0,0,1.000,1.000,1.000,2.000
David Peralta,30,3,14,11,3,4,0,0,0,1,1,3,3,.364,.500,.364,.864
Wandy Peralta,26,2,0,0,0,0,0,0,0,0,0,0,0,,,,
Jose Peraza,24,3,12,12,0,0,0,0,0,0,0,0,5,.000,.000,.000,.000
Luis Perdomo,25,1,1,1,0,0,0,0,0,0,0,0,1,.000,.000,.000,.000
Hernan Perez,27,3,4,4,0,0,0,0,0,0,0,0,1,.000,.000,.000,.000
Roberto Perez,29,1,4,3,0,0,0,0,0,0,0,1,0,.000,.250,.000,.250
Dillon Peters,25,1,2,1,0,0,0,0,0,0,0,0,0,.000,.000,.000,.000
Tommy Pham,30,3,13,10,3,3,0,0,0,0,1,3,5,.300,.462,.300,.762
Kevin Pillar,29,4,14,13,4,6,1,0,1,1,3,1,3,.462,.500,.769,1.269
Manny Pina,31,2,9,9,1,1,0,0,0,0,0,0,0,.111,.111,.111,.222
Chad Pinder,26,1,2,2,0,0,0,0,0,0,0,0,1,.000,.000,.000,.000
Jose Pirela,28,3,14,14,1,4,1,0,0,0,0,0,3,.286,.286,.357,.643
Stephen Piscotty,27,4,17,15,1,4,0,0,0,3,0,2,3,.267,.353,.267,.620
Nick Pivetta,25,1,2,2,0,0,0,0,0,0,0,0,1,.000,.000,.000,.000
Kevin Plawecki,27,2,9,6,3,2,1,0,0,1,0,3,2,.333,.556,.500,1.056
Gregory Polanco,26,3,15,12,3,4,2,0,1,5,1,2,4,.333,.429,.750,1.179
A.J. Pollock,30,3,13,11,3,4,1,1,0,2,1,2,3,.364,.462,.636,1.098
Buster Posey,31,4,15,13,0,4,2,0,0,0,1,2,2,.308,.400,.462,.862
Boog Powell,25,4,14,14,1,2,1,1,0,0,0,0,5,.143,.143,.357,.500
Jurickson Profar,25,2,4,3,0,0,0,0,0,0,0,1,1,.000,.250,.000,.250
Yasiel Puig,27,4,15,13,2,3,1,0,0,2,1,1,4,.231,.267,.308,.574
Albert Pujols,38,4,19,19,1,4,1,0,1,3,0,0,3,.211,.211,.421,.632
Kevin Quackenbush,29,2,0,0,0,0,0,0,0,0,0,0,0,,,,
Jose Quintana,29,1,2,2,0,0,0,0,0,0,0,0,2,.000,.000,.000,.000
Hanley Ramirez,34,3,13,12,1,3,1,0,0,0,1,1,4,.250,.308,.333,.641
Jose Ramirez,25,3,12,12,0,0,0,0,0,0,0,0,0,.000,.000,.000,.000
Jose Ramirez,28,1,0,0,0,0,0,0,0,0,0,0,0,,,,
AJ Ramos,31,1,0,0,0,0,0,0,0,0,0,0,0,,,,
Edubray Ramos,25,2,0,0,0,0,0,0,0,0,0,0,0,,,,
Wilson Ramos,30,3,11,10,0,2,0,0,0,0,0,1,2,.200,.273,.200,.473
Colby Rasmus,31,3,7,6,0,0,0,0,0,0,0,1,4,.000,.143,.000,.143
Josh Ravin,30,1,0,0,0,0,0,0,0,0,0,0,0,,,,
Robbie Ray,26,1,2,2,0,0,0,0,0,0,0,0,0,.000,.000,.000,.000
Josh Reddick,31,2,8,7,0,0,0,0,0,0,0,1,2,.000,.125,.000,.125
Rob Refsnyder,27,2,5,3,0,0,0,0,0,0,0,2,3,.000,.400,.000,.400
Anthony Rendon,28,3,14,13,1,3,0,0,1,2,0,1,2,.231,.286,.462,.747
Hunter Renfroe,26,3,6,5,2,1,0,1,0,0,0,1,2,.200,.333,.600,.933
Jose Reyes,35,1,1,1,0,0,0,0,0,0,0,0,1,.000,.000,.000,.000
Victor Reyes,23,1,1,1,0,0,0,0,0,0,0,0,0,.000,.000,.000,.000
Jacob Rhame,25,1,0,0,0,0,0,0,0,0,0,0,0,,,,
Clayton Richard,34,1,2,2,0,0,0,0,0,0,0,0,2,.000,.000,.000,.000
Yacksel Rios,25,2,0,0,0,0,0,0,0,0,0,0,0,,,,
Rene Rivera,34,1,4,4,2,2,1,0,0,0,0,0,2,.500,.500,.750,1.250
Yadiel Rivera,26,3,6,6,1,1,0,0,0,0,0,0,1,.167,.167,.167,.333
Anthony Rizzo,28,4,23,20,2,3,0,0,1,3,0,1,5,.150,.261,.300,.561
Daniel Robertson,24,2,5,4,1,0,0,0,0,0,0,1,2,.000,.200,.000,.200
Drew Robinson,26,2,7,6,1,1,0,0,1,1,0,1,5,.167,.286,.667,.952
Sean Rodriguez,33,1,4,4,0,0,0,0,0,0,0,0,2,.000,.000,.000,.000
Miguel Rojas,29,4,18,15,1,5,2,0,0,1,0,3,0,.333,.444,.467,.911
Sal Romano,24,1,2,2,0,0,0,0,0,0,0,0,2,.000,.000,.000,.000
Enny Romero,27,1,0,0,0,0,0,0,0,0,0,0,0,,,,
Austin Romine,29,1,3,3,0,0,0,0,0,0,0,0,1,.000,.000,.000,.000
Amed Rosario,22,3,12,11,2,3,0,0,0,3,0,1,4,.273,.333,.273,.606
Eddie Rosario,26,3,13,12,2,2,0,0,0,0,1,1,3,.167,.231,.167,.397
Ryan Rua,28,3,9,9,0,0,0,0,0,0,0,0,4,.000,.000,.000,.000
Chris Rusin,31,2,0,0,0,0,0,0,0,0,0,0,0,,,,
Addison Russell,24,4,19,14,1,5,2,0,0,0,1,4,1,.357,.526,.500,1.026
Tyler Saladino,28,1,0,0,1,0,0,0,0,0,0,0,0,,,,
Fernando Salas,33,2,0,0,0,0,0,0,0,0,0,0,0,,,,
Gary Sanchez,25,4,14,14,1,1,1,0,0,1,0,0,3,.071,.071,.143,.214
Yolmer Sanchez,26,2,9,8,1,2,0,0,0,3,0,1,3,.250,.333,.250,.583
Pablo Sandoval,31,2,2,2,0,1,0,0,0,0,0,0,0,.500,.500,.500,1.000
Miguel Sano,25,3,14,14,2,2,0,0,2,3,0,0,8,.143,.143,.571,.714
Carlos Santana,32,3,15,11,3,2,1,0,1,3,0,2,1,.182,.267,.545,.812
Domingo Santana,25,3,14,12,0,3,1,0,0,1,0,2,2,.250,.357,.333,.690
Anthony Santander,23,1,4,3,0,0,0,0,0,0,0,1,0,.000,.250,.000,.250
Scott Schebler,27,3,13,12,3,4,1,0,1,1,1,0,1,.333,.385,.667,1.051
Max Scherzer,33,1,2,2,0,0,0,0,0,0,0,0,0,.000,.000,.000,.000
Jonathan Schoop,26,3,13,13,0,1,0,0,0,0,0,0,4,.077,.077,.077,.154
Kyle Schwarber,25,4,16,15,3,5,2,0,2,3,0,1,3,.333,.375,.867,1.242
Corey Seager,24,3,11,11,1,1,0,0,0,0,0,0,3,.091,.091,.091,.182
Kyle Seager,30,3,11,10,0,1,1,0,0,1,0,1,4,.100,.182,.200,.382
Jean Segura,28,3,12,12,1,3,1,0,0,2,0,0,2,.250,.250,.333,.583
Marcus Semien,27,4,19,17,2,5,1,0,0,1,0,2,5,.294,.368,.353,.721
Antonio Senzatela,23,1,1,1,1,0,0,0,0,0,0,0,0,.000,.000,.000,.000
Paul Sewald,28,1,0,0,0,0,0,0,0,0,0,0,0,,,,
Bryan Shaw,30,2,0,0,0,0,0,0,0,0,0,0,0,,,,
Travis Shaw,28,3,15,14,1,5,3,0,0,3,0,1,4,.357,.400,.571,.971
Ryan Sherriff,28,1,0,0,0,0,0,0,0,0,0,0,0,,,,
Andrelton Simmons,28,4,17,16,2,7,0,0,0,4,0,1,0,.438,.471,.438,.908
Chance Sisco,23,2,5,5,0,2,1,0,0,0,0,0,2,.400,.400,.600,1.000
Caleb Smith,26,1,2,2,0,0,0,0,0,0,0,0,1,.000,.000,.000,.000
Mallex Smith,25,3,8,7,0,2,0,0,0,0,0,1,0,.286,.375,.286,.661
Justin Smoak,31,4,17,15,2,7,2,0,2,8,0,2,5,.467,.529,1.000,1.529
Jake Smolinski,29,1,3,3,0,0,0,0,0,0,0,0,1,.000,.000,.000,.000
Miguel Socolovich,31,1,0,0,0,0,0,0,0,0,0,0,0,,,,
Eric Sogard,32,2,6,6,0,0,0,0,0,0,0,0,2,.000,.000,.000,.000
Yangervis Solarte,30,3,13,13,1,3,1,0,1,2,0,0,2,.231,.231,.538,.769
Jorge Soler,26,1,4,3,0,0,0,0,0,0,0,1,1,.000,.250,.000,.250
Sammy Solis,29,2,0,0,0,0,0,0,0,0,0,0,0,,,,
Denard Span,34,4,15,12,1,2,0,1,0,3,0,3,3,.167,.333,.333,.667
Cory Spangenberg,27,2,6,5,1,1,0,0,1,2,0,0,1,.200,.333,.800,1.133
George Springer,28,4,19,15,1,3,1,0,1,3,0,3,6,.200,.316,.467,.782
Craig Stammen,34,2,0,0,0,0,0,0,0,0,0,0,0,,,,
Giancarlo Stanton,28,4,18,14,4,4,2,0,2,4,0,4,4,.286,.444,.857,1.302
Max Stassi,27,2,8,7,1,3,2,0,0,2,0,0,1,.429,.500,.714,1.214
Drew Steckenrider,27,3,0,0,0,0,0,0,0,0,0,0,0,,,,
Jackson Stephens,24,1,0,0,0,0,0,0,0,0,0,0,0,,,,
Chris Stewart,36,3,8,7,2,2,0,0,0,2,0,0,0,.286,.250,.286,.536
Trevor Story,25,3,12,12,0,1,0,0,0,0,0,0,7,.083,.083,.083,.167
Stephen Strasburg,29,1,3,3,0,0,0,0,0,0,0,0,1,.000,.000,.000,.000
Chris Stratton,27,1,2,1,0,0,0,0,0,0,0,0,1,.000,.000,.000,.000
Hunter Strickland,29,2,0,0,0,0,0,0,0,0,0,0,0,,,,
Ross Stripling,28,1,0,0,0,0,0,0,0,0,0,0,0,,,,
Pedro Strop,33,2,0,0,0,0,0,0,0,0,0,0,0,,,,
Eugenio Suarez,26,3,13,11,3,2,0,0,1,2,0,2,3,.182,.308,.455,.762
Jesus Sucre,30,1,3,2,0,1,0,0,0,0,0,1,1,.500,.667,.500,1.167
Brent Suter,28,1,2,2,0,0,0,0,0,0,0,0,2,.000,.000,.000,.000
Ichiro Suzuki,44,3,9,9,1,2,0,0,0,0,0,0,2,.222,.222,.222,.444
Kurt Suzuki,34,2,6,3,1,1,0,0,0,0,0,1,0,.333,.667,.333,1.000
Dansby Swanson,24,3,14,14,2,5,2,0,0,2,0,0,3,.357,.357,.500,.857
Anthony Swarzak,32,2,0,0,0,0,0,0,0,0,0,0,0,,,,
Blake Swihart,26,1,4,3,0,1,0,0,0,0,0,1,1,.333,.500,.333,.833
Noah Syndergaard,25,1,3,2,0,0,0,0,0,0,0,0,2,.000,.000,.000,.000
Matt Szczur,28,2,1,1,2,1,0,0,0,0,1,0,0,1.000,1.000,1.000,2.000
Mike Tauchman,27,2,2,2,0,0,0,0,0,0,0,0,1,.000,.000,.000,.000
Chris Taylor,27,4,16,15,3,4,1,1,0,0,0,1,4,.267,.313,.467,.779
Michael Taylor,27,3,9,8,1,1,0,0,0,0,1,1,2,.125,.222,.125,.347
Junichi Tazawa,32,2,0,0,0,0,0,0,0,0,0,0,0,,,,
Julio Teheran,27,1,2,2,0,0,0,0,0,0,0,0,1,.000,.000,.000,.000
Tomas Telis,27,4,4,4,1,1,0,0,0,0,0,0,1,.250,.250,.250,.500
Eric Thames,31,3,7,4,2,0,0,0,0,0,1,3,0,.000,.429,.000,.429
Jake Thompson,24,1,0,0,0,0,0,0,0,0,0,0,0,,,,
Carlos Tocci,22,2,4,4,0,0,0,0,0,0,0,0,2,.000,.000,.000,.000
Kelby Tomlinson,28,3,3,3,0,0,0,0,0,0,0,0,0,.000,.000,.000,.000
Devon Travis,27,3,13,12,0,1,0,0,0,1,0,1,6,.083,.154,.083,.237
Mike Trout,26,4,20,20,5,6,3,0,1,4,1,0,2,.300,.300,.600,.900
Preston Tucker,27,3,12,12,0,5,1,0,0,2,0,0,3,.417,.417,.500,.917
Sam Tuivailala,25,2,0,0,0,0,0,0,0,0,0,0,0,,,,
Jacob Turner,27,2,0,0,0,0,0,0,0,0,0,0,0,,,,
Trea Turner,25,3,14,11,2,3,0,0,1,1,1,3,1,.273,.429,.545,.974
Justin Upton,30,4,19,17,2,4,1,0,0,2,0,1,2,.235,.263,.294,.557
Jose Urena,26,1,1,1,0,0,0,0,0,0,0,0,1,.000,.000,.000,.000
Chase Utley,39,4,6,6,0,2,0,0,0,0,1,0,2,.333,.333,.333,.667
Pat Valaika,25,2,2,2,0,0,0,0,0,0,0,0,0,.000,.000,.000,.000
Luis Valbuena,32,4,14,14,1,2,1,0,0,1,0,0,2,.143,.143,.214,.357
Danny Valencia,33,2,3,2,2,1,1,0,0,0,0,1,1,.500,.667,1.000,1.667
Christian Vazquez,27,3,10,9,0,2,0,0,0,0,0,0,1,.222,.300,.222,.522
Vince Velasquez,26,1,1,0,0,0,0,0,0,0,0,0,0,,,,
Christian Villanueva,27,1,4,4,0,0,0,0,0,0,0,0,2,.000,.000,.000,.000
Jonathan Villar,27,3,11,11,1,2,0,0,0,1,1,0,5,.182,.182,.182,.364
Arodys Vizcaino,27,2,0,0,0,0,0,0,0,0,0,0,0,,,,
Daniel Vogelbach,25,2,5,5,0,0,0,0,0,0,0,0,3,.000,.000,.000,.000
Joey Votto,34,3,13,11,0,3,0,0,0,0,0,1,2,.273,.385,.273,.657
Michael Wacha,26,1,2,2,0,0,0,0,0,0,0,0,1,.000,.000,.000,.000
Tyler Wade,23,4,12,12,0,1,1,0,0,2,0,0,3,.083,.083,.167,.250
Neil Walker,32,4,16,14,2,3,1,0,0,1,0,2,1,.214,.313,.286,.598
Chad Wallach,26,3,15,13,1,2,1,0,0,1,0,2,8,.154,.267,.231,.497
Tony Watson,33,2,0,0,0,0,0,0,0,0,0,0,0,,,,
Luke Weaver,24,1,2,2,0,0,0,0,0,0,0,0,1,.000,.000,.000,.000
Joey Wendle,28,4,10,9,0,2,1,0,0,1,0,0,2,.222,.200,.333,.533
Matt Wieters,32,2,9,7,1,1,0,0,0,0,0,2,1,.143,.333,.143,.476
Nick Williams,24,3,6,6,0,1,0,0,0,1,0,0,2,.167,.167,.167,.333
Justin Wilson,30,2,0,0,0,0,0,0,0,0,0,0,0,,,,
Jesse Winker,24,2,9,7,2,2,0,0,0,0,0,2,4,.286,.444,.286,.730
Dan Winkler,28,2,1,1,0,0,0,0,0,0,0,0,0,.000,.000,.000,.000
Tony Wolters,26,1,3,3,0,0,0,0,0,0,0,0,2,.000,.000,.000,.000
Kolten Wong,27,3,7,6,0,0,0,0,0,0,0,1,3,.000,.143,.000,.143
Alex Wood,27,1,2,2,0,0,0,0,0,0,0,0,2,.000,.000,.000,.000
Brandon Woodruff,25,1,0,0,0,0,0,0,0,0,0,0,0,,,,
Kirby Yates,31,2,0,0,0,0,0,0,0,0,0,0,0,,,,
Christian Yelich,26,3,15,14,4,7,1,0,0,3,0,1,2,.500,.533,.571,1.105
Chris Young,34,2,3,3,0,0,0,0,0,0,0,0,2,.000,.000,.000,.000
Brad Ziegler,38,2,0,0,0,0,0,0,0,0,0,0,0,,,,
Bradley Zimmer,25,3,9,9,0,1,0,0,0,1,0,0,4,.111,.111,.111,.222
Ryan Zimmerman,33,3,10,8,0,1,0,0,0,1,0,1,2,.125,.300,.125,.425
Ben Zobrist,37,3,13,11,0,4,1,0,0,1,0,2,1,.364,.462,.455,.916
LgAvg per 600 PA,,191,600,532,67,126,29,3,17,64,7,56,133,.236,.314,.394,.707
